<?xml version="1.0" encoding="UTF-8"?>
<jndiJdbcDataSource exportedWithPermissions="true"><folder>/datasources</folder><name>repositoryDS</name><version>0</version><label>Jasperserver Repository SQL data source</label><description>Jasperserver Repository SQL data source for reporting</description><creationDate>2013-12-05T14:53:06.951+02:00</creationDate><updateDate>2013-10-21T22:26:08.893+03:00</updateDate><permission><permissionMask>0</permissionMask><recipient recipientType="role">ROLE_USER</recipient></permission><jndiName>jdbc/jasperserver</jndiName></jndiJdbcDataSource>